Title,Tag
-- ,
Jayden Reed 2023 Panini Prizm Red & Yellow Prizm #334 PSA 10,Box 1
Anthony Richardson 2023 Panini Obsidian Black Color Blast #17 PSA 10,Box 1
Rickey Henderson 1980 Topps #482 PSA 4.5,Box 7
Jim Maloney 1972 Topps #645 PSA 7,Box 7
Peerless 1953 Antique Autos #46 PSA 9,Box 7
Joe Burrow 2020 Panini Prizm Light Blue Prizm #307 PSA 10,Box 1
Yankees Rookies 1966 Topps F. Fernandez F. Peterson #584 PSA 6.5,Box 7
BGS 0 BGS 0 Auto Not Available,Box 7
Vince Carter 2008-09 Topps Chrome Orange Refractor #115 SGC 10,Box 7
Bill Skowron 1959 Topps All Star #554 PSA 5,Box 7
Antonio Brown 2010 Rookies and Stars Rookie Autographs Holofoil #173 BGS 9 Auto 10,Box 7
Tua Tagovailoa 2020 Donruss Optic Holo Prizm #152 SGC 10,Box 7
Cooper Kupp 2019 Panini Flawless Star Swatch Signatures Star Swatch SIG Sapphire #SS-KCU PSA 9,Box 1
Joe Burrow 2020 Panini Select Die Cut White Prizm #146 PSA 10,Box 1
Ernie Banks 1956 Topps White Back #15 SGC 6,Box 7
Aaron Rodgers 2005 Playoff Contenders Autograph #101 PSA 10,Box 1
Carlos Delgado 1994 Upper Deck Next Generation Next Gen Electric Diamond #2 PSA 9,Box 7
Luka Doncic 2018-19 Panini Contenders Optic Orange AU/25 #128 BGS 9.5 Auto 10,Box 7
Russell Wilson 2021 Panini Prizm Draft Picks On Campus #25 BGS 9.5 Auto 0,Box 7
-- ,
Jayden Reed 2023 Panini Prizm Red & Yellow Prizm #334 PSA 10,Box 1
Anthony Richardson 2023 Panini Obsidian Black Color Blast #17 PSA 10,Box 1
Rickey Henderson 1980 Topps #482 PSA 4.5,Box 7
Jim Maloney 1972 Topps #645 PSA 7,Box 7
Peerless 1953 Antique Autos #46 PSA 9,Box 7
Joe Burrow 2020 Panini Prizm Light Blue Prizm #307 PSA 10,Box 1
Yankees Rookies 1966 Topps F. Fernandez F. Peterson #584 PSA 6.5,Box 7
BGS 0 BGS 0 Auto Not Available,Box 7
Vince Carter 2008-09 Topps Chrome Orange Refractor #115 SGC 10,Box 7
Bill Skowron 1959 Topps All Star #554 PSA 5,Box 7
Antonio Brown 2010 Rookies and Stars Rookie Autographs Holofoil #173 BGS 9 Auto 10,Box 7
Tua Tagovailoa 2020 Donruss Optic Holo Prizm #152 SGC 10,Box 7
Cooper Kupp 2019 Panini Flawless Star Swatch Signatures Star Swatch SIG Sapphire #SS-KCU PSA 9,Box 1
Joe Burrow 2020 Panini Select Die Cut White Prizm #146 PSA 10,Box 1
Ernie Banks 1956 Topps White Back #15 SGC 6,Box 7
Aaron Rodgers 2005 Playoff Contenders Autograph #101 PSA 10,Box 1
Carlos Delgado 1994 Upper Deck Next Generation Next Gen Electric Diamond #2 PSA 9,Box 7
Luka Doncic 2018-19 Panini Contenders Optic Orange AU/25 #128 BGS 9.5 Auto 10,Box 7
Russell Wilson 2021 Panini Prizm Draft Picks On Campus #25 BGS 9.5 Auto 0,Box 7
-- ,
Jayden Reed 2023 Panini Prizm Red & Yellow Prizm #334 PSA 10,Box 1
Anthony Richardson 2023 Panini Obsidian Black Color Blast #17 PSA 10,Box 1
Rickey Henderson 1980 Topps #482 PSA 4.5,Box 7
Jim Maloney 1972 Topps #645 PSA 7,Box 7
Peerless 1953 Antique Autos #46 PSA 9,Box 7
Joe Burrow 2020 Panini Prizm Light Blue Prizm #307 PSA 10,Box 1
Yankees Rookies 1966 Topps F. Fernandez F. Peterson #584 PSA 6.5,Box 7
BGS 0 BGS 0 Auto Not Available,Box 7
Vince Carter 2008-09 Topps Chrome Orange Refractor #115 SGC 10,Box 7
Bill Skowron 1959 Topps All Star #554 PSA 5,Box 7
Antonio Brown 2010 Rookies and Stars Rookie Autographs Holofoil #173 BGS 9 Auto 10,Box 7
Tua Tagovailoa 2020 Donruss Optic Holo Prizm #152 SGC 10,Box 7
Cooper Kupp 2019 Panini Flawless Star Swatch Signatures Star Swatch SIG Sapphire #SS-KCU PSA 9,Box 1
Joe Burrow 2020 Panini Select Die Cut White Prizm #146 PSA 10,Box 1
Ernie Banks 1956 Topps White Back #15 SGC 6,Box 7
Aaron Rodgers 2005 Playoff Contenders Autograph #101 PSA 10,Box 1
Carlos Delgado 1994 Upper Deck Next Generation Next Gen Electric Diamond #2 PSA 9,Box 7
Luka Doncic 2018-19 Panini Contenders Optic Orange AU/25 #128 BGS 9.5 Auto 10,Box 7
Russell Wilson 2021 Panini Prizm Draft Picks On Campus #25 BGS 9.5 Auto 0,Box 7
-- ,
Jayden Reed 2023 Panini Prizm Red & Yellow Prizm #334 PSA 10,Box 1
Anthony Richardson 2023 Panini Obsidian Black Color Blast #17 PSA 10,Box 1
Rickey Henderson 1980 Topps #482 PSA 4.5,Box 7
Jim Maloney 1972 Topps #645 PSA 7,Box 7
Peerless 1953 Antique Autos #46 PSA 9,Box 7
Joe Burrow 2020 Panini Prizm Light Blue Prizm #307 PSA 10,Box 1
Yankees Rookies 1966 Topps F. Fernandez F. Peterson #584 PSA 6.5,Box 7
BGS 0 BGS 0 Auto Not Available,Box 7
Vince Carter 2008-09 Topps Chrome Orange Refractor #115 SGC 10,Box 7
Bill Skowron 1959 Topps All Star #554 PSA 5,Box 7
Antonio Brown 2010 Rookies and Stars Rookie Autographs Holofoil #173 BGS 9 Auto 10,Box 7
Tua Tagovailoa 2020 Donruss Optic Holo Prizm #152 SGC 10,Box 7
Cooper Kupp 2019 Panini Flawless Star Swatch Signatures Star Swatch SIG Sapphire #SS-KCU PSA 9,Box 1
Joe Burrow 2020 Panini Select Die Cut White Prizm #146 PSA 10,Box 1
Ernie Banks 1956 Topps White Back #15 SGC 6,Box 7
Aaron Rodgers 2005 Playoff Contenders Autograph #101 PSA 10,Box 1
Carlos Delgado 1994 Upper Deck Next Generation Next Gen Electric Diamond #2 PSA 9,Box 7
Luka Doncic 2018-19 Panini Contenders Optic Orange AU/25 #128 BGS 9.5 Auto 10,Box 7
Russell Wilson 2021 Panini Prizm Draft Picks On Campus #25 BGS 9.5 Auto 0,Box 7
-- ,
Jayden Reed 2023 Panini Prizm Red & Yellow Prizm #334 PSA 10,Box 1
Anthony Richardson 2023 Panini Obsidian Black Color Blast #17 PSA 10,Box 1
Rickey Henderson 1980 Topps #482 PSA 4.5,Box 7
Jim Maloney 1972 Topps #645 PSA 7,Box 7
Peerless 1953 Antique Autos #46 PSA 9,Box 7
Joe Burrow 2020 Panini Prizm Light Blue Prizm #307 PSA 10,Box 1
Yankees Rookies 1966 Topps F. Fernandez F. Peterson #584 PSA 6.5,Box 7
BGS 0 BGS 0 Auto Not Available,Box 7
Vince Carter 2008-09 Topps Chrome Orange Refractor #115 SGC 10,Box 7
Bill Skowron 1959 Topps All Star #554 PSA 5,Box 7
Antonio Brown 2010 Rookies and Stars Rookie Autographs Holofoil #173 BGS 9 Auto 10,Box 7
Tua Tagovailoa 2020 Donruss Optic Holo Prizm #152 SGC 10,Box 7
Cooper Kupp 2019 Panini Flawless Star Swatch Signatures Star Swatch SIG Sapphire #SS-KCU PSA 9,Box 1
Joe Burrow 2020 Panini Select Die Cut White Prizm #146 PSA 10,Box 1
Ernie Banks 1956 Topps White Back #15 SGC 6,Box 7
Aaron Rodgers 2005 Playoff Contenders Autograph #101 PSA 10,Box 1
Carlos Delgado 1994 Upper Deck Next Generation Next Gen Electric Diamond #2 PSA 9,Box 7
Luka Doncic 2018-19 Panini Contenders Optic Orange AU/25 #128 BGS 9.5 Auto 10,Box 7
Russell Wilson 2021 Panini Prizm Draft Picks On Campus #25 BGS 9.5 Auto 0,Box 7
-- ,
Jayden Reed 2023 Panini Prizm Red & Yellow Prizm #334 PSA 10,Box 1
Anthony Richardson 2023 Panini Obsidian Black Color Blast #17 PSA 10,Box 1
Rickey Henderson 1980 Topps #482 PSA 4.5,Box 7
Jim Maloney 1972 Topps #645 PSA 7,Box 7
Peerless 1953 Antique Autos #46 PSA 9,Box 7
Joe Burrow 2020 Panini Prizm Light Blue Prizm #307 PSA 10,Box 1
Yankees Rookies 1966 Topps F. Fernandez F. Peterson #584 PSA 6.5,Box 7
BGS 0 BGS 0 Auto Not Available,Box 7
Vince Carter 2008-09 Topps Chrome Orange Refractor #115 SGC 10,Box 7
Bill Skowron 1959 Topps All Star #554 PSA 5,Box 7
Antonio Brown 2010 Rookies and Stars Rookie Autographs Holofoil #173 BGS 9 Auto 10,Box 7
Tua Tagovailoa 2020 Donruss Optic Holo Prizm #152 SGC 10,Box 7
Cooper Kupp 2019 Panini Flawless Star Swatch Signatures Star Swatch SIG Sapphire #SS-KCU PSA 9,Box 1
Joe Burrow 2020 Panini Select Die Cut White Prizm #146 PSA 10,Box 1
Ernie Banks 1956 Topps White Back #15 SGC 6,Box 7
Aaron Rodgers 2005 Playoff Contenders Autograph #101 PSA 10,Box 1
Carlos Delgado 1994 Upper Deck Next Generation Next Gen Electric Diamond #2 PSA 9,Box 7
Luka Doncic 2018-19 Panini Contenders Optic Orange AU/25 #128 BGS 9.5 Auto 10,Box 7
Russell Wilson 2021 Panini Prizm Draft Picks On Campus #25 BGS 9.5 Auto 0,Box 7
-- ,
Jayden Reed 2023 Panini Prizm Red & Yellow Prizm #334 PSA 10,Box 1
Anthony Richardson 2023 Panini Obsidian Black Color Blast #17 PSA 10,Box 1
Rickey Henderson 1980 Topps #482 PSA 4.5,Box 7
Jim Maloney 1972 Topps #645 PSA 7,Box 7
Peerless 1953 Antique Autos #46 PSA 9,Box 7
Joe Burrow 2020 Panini Prizm Light Blue Prizm #307 PSA 10,Box 1
Yankees Rookies 1966 Topps F. Fernandez F. Peterson #584 PSA 6.5,Box 7
BGS 0 BGS 0 Auto Not Available,Box 7
Vince Carter 2008-09 Topps Chrome Orange Refractor #115 SGC 10,Box 7
Bill Skowron 1959 Topps All Star #554 PSA 5,Box 7
Antonio Brown 2010 Rookies and Stars Rookie Autographs Holofoil #173 BGS 9 Auto 10,Box 7
Tua Tagovailoa 2020 Donruss Optic Holo Prizm #152 SGC 10,Box 7
Cooper Kupp 2019 Panini Flawless Star Swatch Signatures Star Swatch SIG Sapphire #SS-KCU PSA 9,Box 1
Joe Burrow 2020 Panini Select Die Cut White Prizm #146 PSA 10,Box 1
Ernie Banks 1956 Topps White Back #15 SGC 6,Box 7
Aaron Rodgers 2005 Playoff Contenders Autograph #101 PSA 10,Box 1
Carlos Delgado 1994 Upper Deck Next Generation Next Gen Electric Diamond #2 PSA 9,Box 7
Luka Doncic 2018-19 Panini Contenders Optic Orange AU/25 #128 BGS 9.5 Auto 10,Box 7
Russell Wilson 2021 Panini Prizm Draft Picks On Campus #25 BGS 9.5 Auto 0,Box 7
-- ,
Jayden Reed 2023 Panini Prizm Red & Yellow Prizm #334 PSA 10,Box 1
Anthony Richardson 2023 Panini Obsidian Black Color Blast #17 PSA 10,Box 1
Rickey Henderson 1980 Topps #482 PSA 4.5,Box 7
Jim Maloney 1972 Topps #645 PSA 7,Box 7
Peerless 1953 Antique Autos #46 PSA 9,Box 7
Joe Burrow 2020 Panini Prizm Light Blue Prizm #307 PSA 10,Box 1
Yankees Rookies 1966 Topps F. Fernandez F. Peterson #584 PSA 6.5,Box 7
BGS 0 BGS 0 Auto Not Available,Box 7
Vince Carter 2008-09 Topps Chrome Orange Refractor #115 SGC 10,Box 7
Bill Skowron 1959 Topps All Star #554 PSA 5,Box 7
Antonio Brown 2010 Rookies and Stars Rookie Autographs Holofoil #173 BGS 9 Auto 10,Box 7
Tua Tagovailoa 2020 Donruss Optic Holo Prizm #152 SGC 10,Box 7
Cooper Kupp 2019 Panini Flawless Star Swatch Signatures Star Swatch SIG Sapphire #SS-KCU PSA 9,Box 1
Joe Burrow 2020 Panini Select Die Cut White Prizm #146 PSA 10,Box 1
Ernie Banks 1956 Topps White Back #15 SGC 6,Box 7
Aaron Rodgers 2005 Playoff Contenders Autograph #101 PSA 10,Box 1
Carlos Delgado 1994 Upper Deck Next Generation Next Gen Electric Diamond #2 PSA 9,Box 7
Luka Doncic 2018-19 Panini Contenders Optic Orange AU/25 #128 BGS 9.5 Auto 10,Box 7
Russell Wilson 2021 Panini Prizm Draft Picks On Campus #25 BGS 9.5 Auto 0,Box 7
-- ,
Jayden Reed 2023 Panini Prizm Red & Yellow Prizm #334 PSA 10,Box 1
Anthony Richardson 2023 Panini Obsidian Black Color Blast #17 PSA 10,Box 1
Rickey Henderson 1980 Topps #482 PSA 4.5,Box 7
Jim Maloney 1972 Topps #645 PSA 7,Box 7
Peerless 1953 Antique Autos #46 PSA 9,Box 7
Joe Burrow 2020 Panini Prizm Light Blue Prizm #307 PSA 10,Box 1
Yankees Rookies 1966 Topps F. Fernandez F. Peterson #584 PSA 6.5,Box 7
BGS 0 BGS 0 Auto Not Available,Box 7
Vince Carter 2008-09 Topps Chrome Orange Refractor #115 SGC 10,Box 7
Bill Skowron 1959 Topps All Star #554 PSA 5,Box 7
Antonio Brown 2010 Rookies and Stars Rookie Autographs Holofoil #173 BGS 9 Auto 10,Box 7
Tua Tagovailoa 2020 Donruss Optic Holo Prizm #152 SGC 10,Box 7
Cooper Kupp 2019 Panini Flawless Star Swatch Signatures Star Swatch SIG Sapphire #SS-KCU PSA 9,Box 1
Joe Burrow 2020 Panini Select Die Cut White Prizm #146 PSA 10,Box 1
Ernie Banks 1956 Topps White Back #15 SGC 6,Box 7
Aaron Rodgers 2005 Playoff Contenders Autograph #101 PSA 10,Box 1
Carlos Delgado 1994 Upper Deck Next Generation Next Gen Electric Diamond #2 PSA 9,Box 7
Luka Doncic 2018-19 Panini Contenders Optic Orange AU/25 #128 BGS 9.5 Auto 10,Box 7
Russell Wilson 2021 Panini Prizm Draft Picks On Campus #25 BGS 9.5 Auto 0,Box 7
-- ,
Jayden Reed 2023 Panini Prizm Red & Yellow Prizm #334 PSA 10,Box 1
Anthony Richardson 2023 Panini Obsidian Black Color Blast #17 PSA 10,Box 1
Rickey Henderson 1980 Topps #482 PSA 4.5,Box 7
Jim Maloney 1972 Topps #645 PSA 7,Box 7
Peerless 1953 Antique Autos #46 PSA 9,Box 7
Joe Burrow 2020 Panini Prizm Light Blue Prizm #307 PSA 10,Box 1
Yankees Rookies 1966 Topps F. Fernandez F. Peterson #584 PSA 6.5,Box 7
BGS 0 BGS 0 Auto Not Available,Box 7
Vince Carter 2008-09 Topps Chrome Orange Refractor #115 SGC 10,Box 7
Bill Skowron 1959 Topps All Star #554 PSA 5,Box 7
Antonio Brown 2010 Rookies and Stars Rookie Autographs Holofoil #173 BGS 9 Auto 10,Box 7
Tua Tagovailoa 2020 Donruss Optic Holo Prizm #152 SGC 10,Box 7
Cooper Kupp 2019 Panini Flawless Star Swatch Signatures Star Swatch SIG Sapphire #SS-KCU PSA 9,Box 1
Joe Burrow 2020 Panini Select Die Cut White Prizm #146 PSA 10,Box 1
Ernie Banks 1956 Topps White Back #15 SGC 6,Box 7
Aaron Rodgers 2005 Playoff Contenders Autograph #101 PSA 10,Box 1
Carlos Delgado 1994 Upper Deck Next Generation Next Gen Electric Diamond #2 PSA 9,Box 7
Luka Doncic 2018-19 Panini Contenders Optic Orange AU/25 #128 BGS 9.5 Auto 10,Box 7
Russell Wilson 2021 Panini Prizm Draft Picks On Campus #25 BGS 9.5 Auto 0,Box 7
-- ,
Jayden Reed 2023 Panini Prizm Red & Yellow Prizm #334 PSA 10,Box 1
Anthony Richardson 2023 Panini Obsidian Black Color Blast #17 PSA 10,Box 1
Rickey Henderson 1980 Topps #482 PSA 4.5,Box 7
Jim Maloney 1972 Topps #645 PSA 7,Box 7
Peerless 1953 Antique Autos #46 PSA 9,Box 7
Joe Burrow 2020 Panini Prizm Light Blue Prizm #307 PSA 10,Box 1
Yankees Rookies 1966 Topps F. Fernandez F. Peterson #584 PSA 6.5,Box 7
BGS 0 BGS 0 Auto Not Available,Box 7
Vince Carter 2008-09 Topps Chrome Orange Refractor #115 SGC 10,Box 7
Bill Skowron 1959 Topps All Star #554 PSA 5,Box 7
Antonio Brown 2010 Rookies and Stars Rookie Autographs Holofoil #173 BGS 9 Auto 10,Box 7
Tua Tagovailoa 2020 Donruss Optic Holo Prizm #152 SGC 10,Box 7
Cooper Kupp 2019 Panini Flawless Star Swatch Signatures Star Swatch SIG Sapphire #SS-KCU PSA 9,Box 1
Joe Burrow 2020 Panini Select Die Cut White Prizm #146 PSA 10,Box 1
Ernie Banks 1956 Topps White Back #15 SGC 6,Box 7
Aaron Rodgers 2005 Playoff Contenders Autograph #101 PSA 10,Box 1
Carlos Delgado 1994 Upper Deck Next Generation Next Gen Electric Diamond #2 PSA 9,Box 7
Luka Doncic 2018-19 Panini Contenders Optic Orange AU/25 #128 BGS 9.5 Auto 10,Box 7
Russell Wilson 2021 Panini Prizm Draft Picks On Campus #25 BGS 9.5 Auto 0,Box 7
-- ,
Jayden Reed 2023 Panini Prizm Red & Yellow Prizm #334 PSA 10,Box 1
Anthony Richardson 2023 Panini Obsidian Black Color Blast #17 PSA 10,Box 1
Rickey Henderson 1980 Topps #482 PSA 4.5,Box 7
Jim Maloney 1972 Topps #645 PSA 7,Box 7
Peerless 1953 Antique Autos #46 PSA 9,Box 7
Joe Burrow 2020 Panini Prizm Light Blue Prizm #307 PSA 10,Box 1
Yankees Rookies 1966 Topps F. Fernandez F. Peterson #584 PSA 6.5,Box 7
BGS 0 BGS 0 Auto Not Available,Box 7
Vince Carter 2008-09 Topps Chrome Orange Refractor #115 SGC 10,Box 7
Bill Skowron 1959 Topps All Star #554 PSA 5,Box 7
Antonio Brown 2010 Rookies and Stars Rookie Autographs Holofoil #173 BGS 9 Auto 10,Box 7
Tua Tagovailoa 2020 Donruss Optic Holo Prizm #152 SGC 10,Box 7
Cooper Kupp 2019 Panini Flawless Star Swatch Signatures Star Swatch SIG Sapphire #SS-KCU PSA 9,Box 1
Joe Burrow 2020 Panini Select Die Cut White Prizm #146 PSA 10,Box 1
Ernie Banks 1956 Topps White Back #15 SGC 6,Box 7
Aaron Rodgers 2005 Playoff Contenders Autograph #101 PSA 10,Box 1
Carlos Delgado 1994 Upper Deck Next Generation Next Gen Electric Diamond #2 PSA 9,Box 7
Luka Doncic 2018-19 Panini Contenders Optic Orange AU/25 #128 BGS 9.5 Auto 10,Box 7
Russell Wilson 2021 Panini Prizm Draft Picks On Campus #25 BGS 9.5 Auto 0,Box 7
-- ,
Jayden Reed 2023 Panini Prizm Red & Yellow Prizm #334 PSA 10,Box 1
Anthony Richardson 2023 Panini Obsidian Black Color Blast #17 PSA 10,Box 1
Rickey Henderson 1980 Topps #482 PSA 4.5,Box 7
Jim Maloney 1972 Topps #645 PSA 7,Box 7
Peerless 1953 Antique Autos #46 PSA 9,Box 7
Joe Burrow 2020 Panini Prizm Light Blue Prizm #307 PSA 10,Box 1
Yankees Rookies 1966 Topps F. Fernandez F. Peterson #584 PSA 6.5,Box 7
BGS 0 BGS 0 Auto Not Available,Box 7
Vince Carter 2008-09 Topps Chrome Orange Refractor #115 SGC 10,Box 7
Bill Skowron 1959 Topps All Star #554 PSA 5,Box 7
Antonio Brown 2010 Rookies and Stars Rookie Autographs Holofoil #173 BGS 9 Auto 10,Box 7
Tua Tagovailoa 2020 Donruss Optic Holo Prizm #152 SGC 10,Box 7
Cooper Kupp 2019 Panini Flawless Star Swatch Signatures Star Swatch SIG Sapphire #SS-KCU PSA 9,Box 1
Joe Burrow 2020 Panini Select Die Cut White Prizm #146 PSA 10,Box 1
Ernie Banks 1956 Topps White Back #15 SGC 6,Box 7
Aaron Rodgers 2005 Playoff Contenders Autograph #101 PSA 10,Box 1
Carlos Delgado 1994 Upper Deck Next Generation Next Gen Electric Diamond #2 PSA 9,Box 7
Luka Doncic 2018-19 Panini Contenders Optic Orange AU/25 #128 BGS 9.5 Auto 10,Box 7
Russell Wilson 2021 Panini Prizm Draft Picks On Campus #25 BGS 9.5 Auto 0,Box 7
-- ,
Jayden Reed 2023 Panini Prizm Red & Yellow Prizm #334 PSA 10,Box 1
Anthony Richardson 2023 Panini Obsidian Black Color Blast #17 PSA 10,Box 1
Rickey Henderson 1980 Topps #482 PSA 4.5,Box 7
Jim Maloney 1972 Topps #645 PSA 7,Box 7
Peerless 1953 Antique Autos #46 PSA 9,Box 7
Joe Burrow 2020 Panini Prizm Light Blue Prizm #307 PSA 10,Box 1
Yankees Rookies 1966 Topps F. Fernandez F. Peterson #584 PSA 6.5,Box 7
BGS 0 BGS 0 Auto Not Available,Box 7
Vince Carter 2008-09 Topps Chrome Orange Refractor #115 SGC 10,Box 7
Bill Skowron 1959 Topps All Star #554 PSA 5,Box 7
Antonio Brown 2010 Rookies and Stars Rookie Autographs Holofoil #173 BGS 9 Auto 10,Box 7
Tua Tagovailoa 2020 Donruss Optic Holo Prizm #152 SGC 10,Box 7
Cooper Kupp 2019 Panini Flawless Star Swatch Signatures Star Swatch SIG Sapphire #SS-KCU PSA 9,Box 1
Joe Burrow 2020 Panini Select Die Cut White Prizm #146 PSA 10,Box 1
Ernie Banks 1956 Topps White Back #15 SGC 6,Box 7
Aaron Rodgers 2005 Playoff Contenders Autograph #101 PSA 10,Box 1
Carlos Delgado 1994 Upper Deck Next Generation Next Gen Electric Diamond #2 PSA 9,Box 7
Luka Doncic 2018-19 Panini Contenders Optic Orange AU/25 #128 BGS 9.5 Auto 10,Box 7
Russell Wilson 2021 Panini Prizm Draft Picks On Campus #25 BGS 9.5 Auto 0,Box 7
-- ,
Jayden Reed 2023 Panini Prizm Red & Yellow Prizm #334 PSA 10,Box 1
Anthony Richardson 2023 Panini Obsidian Black Color Blast #17 PSA 10,Box 1
Rickey Henderson 1980 Topps #482 PSA 4.5,Box 7
Jim Maloney 1972 Topps #645 PSA 7,Box 7
Peerless 1953 Antique Autos #46 PSA 9,Box 7
Joe Burrow 2020 Panini Prizm Light Blue Prizm #307 PSA 10,Box 1
Yankees Rookies 1966 Topps F. Fernandez F. Peterson #584 PSA 6.5,Box 7
BGS 0 BGS 0 Auto Not Available,Box 7
Vince Carter 2008-09 Topps Chrome Orange Refractor #115 SGC 10,Box 7
Bill Skowron 1959 Topps All Star #554 PSA 5,Box 7
Antonio Brown 2010 Rookies and Stars Rookie Autographs Holofoil #173 BGS 9 Auto 10,Box 7
Tua Tagovailoa 2020 Donruss Optic Holo Prizm #152 SGC 10,Box 7
Cooper Kupp 2019 Panini Flawless Star Swatch Signatures Star Swatch SIG Sapphire #SS-KCU PSA 9,Box 1
Joe Burrow 2020 Panini Select Die Cut White Prizm #146 PSA 10,Box 1
Ernie Banks 1956 Topps White Back #15 SGC 6,Box 7
Aaron Rodgers 2005 Playoff Contenders Autograph #101 PSA 10,Box 1
Carlos Delgado 1994 Upper Deck Next Generation Next Gen Electric Diamond #2 PSA 9,Box 7
Luka Doncic 2018-19 Panini Contenders Optic Orange AU/25 #128 BGS 9.5 Auto 10,Box 7
Russell Wilson 2021 Panini Prizm Draft Picks On Campus #25 BGS 9.5 Auto 0,Box 7
-- ,
Jayden Reed 2023 Panini Prizm Red & Yellow Prizm #334 PSA 10,Box 1
Anthony Richardson 2023 Panini Obsidian Black Color Blast #17 PSA 10,Box 1
Rickey Henderson 1980 Topps #482 PSA 4.5,Box 7
Jim Maloney 1972 Topps #645 PSA 7,Box 7
Peerless 1953 Antique Autos #46 PSA 9,Box 7
Joe Burrow 2020 Panini Prizm Light Blue Prizm #307 PSA 10,Box 1
Yankees Rookies 1966 Topps F. Fernandez F. Peterson #584 PSA 6.5,Box 7
BGS 0 BGS 0 Auto Not Available,Box 7
Vince Carter 2008-09 Topps Chrome Orange Refractor #115 SGC 10,Box 7
Bill Skowron 1959 Topps All Star #554 PSA 5,Box 7
Antonio Brown 2010 Rookies and Stars Rookie Autographs Holofoil #173 BGS 9 Auto 10,Box 7
Tua Tagovailoa 2020 Donruss Optic Holo Prizm #152 SGC 10,Box 7
Cooper Kupp 2019 Panini Flawless Star Swatch Signatures Star Swatch SIG Sapphire #SS-KCU PSA 9,Box 1
Joe Burrow 2020 Panini Select Die Cut White Prizm #146 PSA 10,Box 1
Ernie Banks 1956 Topps White Back #15 SGC 6,Box 7
Aaron Rodgers 2005 Playoff Contenders Autograph #101 PSA 10,Box 1
Carlos Delgado 1994 Upper Deck Next Generation Next Gen Electric Diamond #2 PSA 9,Box 7
Luka Doncic 2018-19 Panini Contenders Optic Orange AU/25 #128 BGS 9.5 Auto 10,Box 7
Russell Wilson 2021 Panini Prizm Draft Picks On Campus #25 BGS 9.5 Auto 0,Box 7
-- ,
Jayden Reed 2023 Panini Prizm Red & Yellow Prizm #334 PSA 10,Box 1
Anthony Richardson 2023 Panini Obsidian Black Color Blast #17 PSA 10,Box 1
Rickey Henderson 1980 Topps #482 PSA 4.5,Box 7
Jim Maloney 1972 Topps #645 PSA 7,Box 7
Peerless 1953 Antique Autos #46 PSA 9,Box 7
Joe Burrow 2020 Panini Prizm Light Blue Prizm #307 PSA 10,Box 1
Yankees Rookies 1966 Topps F. Fernandez F. Peterson #584 PSA 6.5,Box 7
BGS 0 BGS 0 Auto Not Available,Box 7
Vince Carter 2008-09 Topps Chrome Orange Refractor #115 SGC 10,Box 7
Bill Skowron 1959 Topps All Star #554 PSA 5,Box 7
Antonio Brown 2010 Rookies and Stars Rookie Autographs Holofoil #173 BGS 9 Auto 10,Box 7
Tua Tagovailoa 2020 Donruss Optic Holo Prizm #152 SGC 10,Box 7
Cooper Kupp 2019 Panini Flawless Star Swatch Signatures Star Swatch SIG Sapphire #SS-KCU PSA 9,Box 1
Joe Burrow 2020 Panini Select Die Cut White Prizm #146 PSA 10,Box 1
Ernie Banks 1956 Topps White Back #15 SGC 6,Box 7
Aaron Rodgers 2005 Playoff Contenders Autograph #101 PSA 10,Box 1
Carlos Delgado 1994 Upper Deck Next Generation Next Gen Electric Diamond #2 PSA 9,Box 7
Luka Doncic 2018-19 Panini Contenders Optic Orange AU/25 #128 BGS 9.5 Auto 10,Box 7
Russell Wilson 2021 Panini Prizm Draft Picks On Campus #25 BGS 9.5 Auto 0,Box 7
-- ,
Jayden Reed 2023 Panini Prizm Red & Yellow Prizm #334 PSA 10,Box 1
Anthony Richardson 2023 Panini Obsidian Black Color Blast #17 PSA 10,Box 1
Rickey Henderson 1980 Topps #482 PSA 4.5,Box 7
Jim Maloney 1972 Topps #645 PSA 7,Box 7
Peerless 1953 Antique Autos #46 PSA 9,Box 7
Joe Burrow 2020 Panini Prizm Light Blue Prizm #307 PSA 10,Box 1
Yankees Rookies 1966 Topps F. Fernandez F. Peterson #584 PSA 6.5,Box 7
BGS 0 BGS 0 Auto Not Available,Box 7
Vince Carter 2008-09 Topps Chrome Orange Refractor #115 SGC 10,Box 7
Bill Skowron 1959 Topps All Star #554 PSA 5,Box 7
Antonio Brown 2010 Rookies and Stars Rookie Autographs Holofoil #173 BGS 9 Auto 10,Box 7
Tua Tagovailoa 2020 Donruss Optic Holo Prizm #152 SGC 10,Box 7
Cooper Kupp 2019 Panini Flawless Star Swatch Signatures Star Swatch SIG Sapphire #SS-KCU PSA 9,Box 1
Joe Burrow 2020 Panini Select Die Cut White Prizm #146 PSA 10,Box 1
Ernie Banks 1956 Topps White Back #15 SGC 6,Box 7
Aaron Rodgers 2005 Playoff Contenders Autograph #101 PSA 10,Box 1
Carlos Delgado 1994 Upper Deck Next Generation Next Gen Electric Diamond #2 PSA 9,Box 7
Luka Doncic 2018-19 Panini Contenders Optic Orange AU/25 #128 BGS 9.5 Auto 10,Box 7
Russell Wilson 2021 Panini Prizm Draft Picks On Campus #25 BGS 9.5 Auto 0,Box 7
-- ,
Jayden Reed 2023 Panini Prizm Red & Yellow Prizm #334 PSA 10,Box 1
Anthony Richardson 2023 Panini Obsidian Black Color Blast #17 PSA 10,Box 1
Rickey Henderson 1980 Topps #482 PSA 4.5,Box 7
Jim Maloney 1972 Topps #645 PSA 7,Box 7
Peerless 1953 Antique Autos #46 PSA 9,Box 7
Joe Burrow 2020 Panini Prizm Light Blue Prizm #307 PSA 10,Box 1
Yankees Rookies 1966 Topps F. Fernandez F. Peterson #584 PSA 6.5,Box 7
BGS 0 BGS 0 Auto Not Available,Box 7
Vince Carter 2008-09 Topps Chrome Orange Refractor #115 SGC 10,Box 7
Bill Skowron 1959 Topps All Star #554 PSA 5,Box 7
Antonio Brown 2010 Rookies and Stars Rookie Autographs Holofoil #173 BGS 9 Auto 10,Box 7
Tua Tagovailoa 2020 Donruss Optic Holo Prizm #152 SGC 10,Box 7
Cooper Kupp 2019 Panini Flawless Star Swatch Signatures Star Swatch SIG Sapphire #SS-KCU PSA 9,Box 1
Joe Burrow 2020 Panini Select Die Cut White Prizm #146 PSA 10,Box 1
Ernie Banks 1956 Topps White Back #15 SGC 6,Box 7
Aaron Rodgers 2005 Playoff Contenders Autograph #101 PSA 10,Box 1
Carlos Delgado 1994 Upper Deck Next Generation Next Gen Electric Diamond #2 PSA 9,Box 7
Luka Doncic 2018-19 Panini Contenders Optic Orange AU/25 #128 BGS 9.5 Auto 10,Box 7
Russell Wilson 2021 Panini Prizm Draft Picks On Campus #25 BGS 9.5 Auto 0,Box 7
-- ,
Jayden Reed 2023 Panini Prizm Red & Yellow Prizm #334 PSA 10,Box 1
Anthony Richardson 2023 Panini Obsidian Black Color Blast #17 PSA 10,Box 1
Rickey Henderson 1980 Topps #482 PSA 4.5,Box 7
Jim Maloney 1972 Topps #645 PSA 7,Box 7
Peerless 1953 Antique Autos #46 PSA 9,Box 7
Joe Burrow 2020 Panini Prizm Light Blue Prizm #307 PSA 10,Box 1
Yankees Rookies 1966 Topps F. Fernandez F. Peterson #584 PSA 6.5,Box 7
BGS 0 BGS 0 Auto Not Available,Box 7
Vince Carter 2008-09 Topps Chrome Orange Refractor #115 SGC 10,Box 7
Bill Skowron 1959 Topps All Star #554 PSA 5,Box 7
Antonio Brown 2010 Rookies and Stars Rookie Autographs Holofoil #173 BGS 9 Auto 10,Box 7
Tua Tagovailoa 2020 Donruss Optic Holo Prizm #152 SGC 10,Box 7
Cooper Kupp 2019 Panini Flawless Star Swatch Signatures Star Swatch SIG Sapphire #SS-KCU PSA 9,Box 1
Joe Burrow 2020 Panini Select Die Cut White Prizm #146 PSA 10,Box 1
Ernie Banks 1956 Topps White Back #15 SGC 6,Box 7
Aaron Rodgers 2005 Playoff Contenders Autograph #101 PSA 10,Box 1
Carlos Delgado 1994 Upper Deck Next Generation Next Gen Electric Diamond #2 PSA 9,Box 7
Luka Doncic 2018-19 Panini Contenders Optic Orange AU/25 #128 BGS 9.5 Auto 10,Box 7
Russell Wilson 2021 Panini Prizm Draft Picks On Campus #25 BGS 9.5 Auto 0,Box 7
-- ,
Jayden Reed 2023 Panini Prizm Red & Yellow Prizm #334 PSA 10,Box 1
Anthony Richardson 2023 Panini Obsidian Black Color Blast #17 PSA 10,Box 1
Rickey Henderson 1980 Topps #482 PSA 4.5,Box 7
Jim Maloney 1972 Topps #645 PSA 7,Box 7
Peerless 1953 Antique Autos #46 PSA 9,Box 7
Joe Burrow 2020 Panini Prizm Light Blue Prizm #307 PSA 10,Box 1
Yankees Rookies 1966 Topps F. Fernandez F. Peterson #584 PSA 6.5,Box 7
BGS 0 BGS 0 Auto Not Available,Box 7
Vince Carter 2008-09 Topps Chrome Orange Refractor #115 SGC 10,Box 7
Bill Skowron 1959 Topps All Star #554 PSA 5,Box 7
Antonio Brown 2010 Rookies and Stars Rookie Autographs Holofoil #173 BGS 9 Auto 10,Box 7
Tua Tagovailoa 2020 Donruss Optic Holo Prizm #152 SGC 10,Box 7
Cooper Kupp 2019 Panini Flawless Star Swatch Signatures Star Swatch SIG Sapphire #SS-KCU PSA 9,Box 1
Joe Burrow 2020 Panini Select Die Cut White Prizm #146 PSA 10,Box 1
Ernie Banks 1956 Topps White Back #15 SGC 6,Box 7
Aaron Rodgers 2005 Playoff Contenders Autograph #101 PSA 10,Box 1
Carlos Delgado 1994 Upper Deck Next Generation Next Gen Electric Diamond #2 PSA 9,Box 7
Luka Doncic 2018-19 Panini Contenders Optic Orange AU/25 #128 BGS 9.5 Auto 10,Box 7
Russell Wilson 2021 Panini Prizm Draft Picks On Campus #25 BGS 9.5 Auto 0,Box 7
-- ,
Jayden Reed 2023 Panini Prizm Red & Yellow Prizm #334 PSA 10,Box 1
Anthony Richardson 2023 Panini Obsidian Black Color Blast #17 PSA 10,Box 1
Rickey Henderson 1980 Topps #482 PSA 4.5,Box 7
Jim Maloney 1972 Topps #645 PSA 7,Box 7
Peerless 1953 Antique Autos #46 PSA 9,Box 7
Joe Burrow 2020 Panini Prizm Light Blue Prizm #307 PSA 10,Box 1
Yankees Rookies 1966 Topps F. Fernandez F. Peterson #584 PSA 6.5,Box 7
BGS 0 BGS 0 Auto Not Available,Box 7
Vince Carter 2008-09 Topps Chrome Orange Refractor #115 SGC 10,Box 7
Bill Skowron 1959 Topps All Star #554 PSA 5,Box 7
Antonio Brown 2010 Rookies and Stars Rookie Autographs Holofoil #173 BGS 9 Auto 10,Box 7
Tua Tagovailoa 2020 Donruss Optic Holo Prizm #152 SGC 10,Box 7
Cooper Kupp 2019 Panini Flawless Star Swatch Signatures Star Swatch SIG Sapphire #SS-KCU PSA 9,Box 1
Joe Burrow 2020 Panini Select Die Cut White Prizm #146 PSA 10,Box 1
Ernie Banks 1956 Topps White Back #15 SGC 6,Box 7
Aaron Rodgers 2005 Playoff Contenders Autograph #101 PSA 10,Box 1
Carlos Delgado 1994 Upper Deck Next Generation Next Gen Electric Diamond #2 PSA 9,Box 7
Luka Doncic 2018-19 Panini Contenders Optic Orange AU/25 #128 BGS 9.5 Auto 10,Box 7
Russell Wilson 2021 Panini Prizm Draft Picks On Campus #25 BGS 9.5 Auto 0,Box 7
-- ,
Jayden Reed 2023 Panini Prizm Red & Yellow Prizm #334 PSA 10,Box 1
Anthony Richardson 2023 Panini Obsidian Black Color Blast #17 PSA 10,Box 1
Rickey Henderson 1980 Topps #482 PSA 4.5,Box 7
Jim Maloney 1972 Topps #645 PSA 7,Box 7
Peerless 1953 Antique Autos #46 PSA 9,Box 7
Joe Burrow 2020 Panini Prizm Light Blue Prizm #307 PSA 10,Box 1
Yankees Rookies 1966 Topps F. Fernandez F. Peterson #584 PSA 6.5,Box 7
BGS 0 BGS 0 Auto Not Available,Box 7
Vince Carter 2008-09 Topps Chrome Orange Refractor #115 SGC 10,Box 7
Bill Skowron 1959 Topps All Star #554 PSA 5,Box 7
Antonio Brown 2010 Rookies and Stars Rookie Autographs Holofoil #173 BGS 9 Auto 10,Box 7
Tua Tagovailoa 2020 Donruss Optic Holo Prizm #152 SGC 10,Box 7
Cooper Kupp 2019 Panini Flawless Star Swatch Signatures Star Swatch SIG Sapphire #SS-KCU PSA 9,Box 1
Joe Burrow 2020 Panini Select Die Cut White Prizm #146 PSA 10,Box 1
Ernie Banks 1956 Topps White Back #15 SGC 6,Box 7
Aaron Rodgers 2005 Playoff Contenders Autograph #101 PSA 10,Box 1
Carlos Delgado 1994 Upper Deck Next Generation Next Gen Electric Diamond #2 PSA 9,Box 7
Luka Doncic 2018-19 Panini Contenders Optic Orange AU/25 #128 BGS 9.5 Auto 10,Box 7
Russell Wilson 2021 Panini Prizm Draft Picks On Campus #25 BGS 9.5 Auto 0,Box 7
-- ,
Jayden Reed 2023 Panini Prizm Red & Yellow Prizm #334 PSA 10,Box 1
Anthony Richardson 2023 Panini Obsidian Black Color Blast #17 PSA 10,Box 1
Rickey Henderson 1980 Topps #482 PSA 4.5,Box 7
Jim Maloney 1972 Topps #645 PSA 7,Box 7
Peerless 1953 Antique Autos #46 PSA 9,Box 7
Joe Burrow 2020 Panini Prizm Light Blue Prizm #307 PSA 10,Box 1
Yankees Rookies 1966 Topps F. Fernandez F. Peterson #584 PSA 6.5,Box 7
BGS 0 BGS 0 Auto Not Available,Box 7
Vince Carter 2008-09 Topps Chrome Orange Refractor #115 SGC 10,Box 7
Bill Skowron 1959 Topps All Star #554 PSA 5,Box 7
Antonio Brown 2010 Rookies and Stars Rookie Autographs Holofoil #173 BGS 9 Auto 10,Box 7
Tua Tagovailoa 2020 Donruss Optic Holo Prizm #152 SGC 10,Box 7
Cooper Kupp 2019 Panini Flawless Star Swatch Signatures Star Swatch SIG Sapphire #SS-KCU PSA 9,Box 1
Joe Burrow 2020 Panini Select Die Cut White Prizm #146 PSA 10,Box 1
Ernie Banks 1956 Topps White Back #15 SGC 6,Box 7
Aaron Rodgers 2005 Playoff Contenders Autograph #101 PSA 10,Box 1
Carlos Delgado 1994 Upper Deck Next Generation Next Gen Electric Diamond #2 PSA 9,Box 7
Luka Doncic 2018-19 Panini Contenders Optic Orange AU/25 #128 BGS 9.5 Auto 10,Box 7
Russell Wilson 2021 Panini Prizm Draft Picks On Campus #25 BGS 9.5 Auto 0,Box 7
-- ,
Jayden Reed 2023 Panini Prizm Red & Yellow Prizm #334 PSA 10,Box 1
