Type,Content
H3,
H3,
H3,
H3,
H3,
H3,
Body,
Body,
Body,$ 0.00
Body,$ 0.00
Body,$ 0.00
Body,-
Body,$ 73.00
Body,$ 0.00
Body,$ 14.00
Body,$ 0.00
Body,2023 Panini Prizm Red & Yellow Prizm #334 PSA 10
Body,$ 0.00
Body,$ 0.00
Body,$ 0.00
Body,-
Body,$ 0.00
Body,$ 0.00
Body,$ 0.00
Body,$ 0.00
Body,2023 Panini Obsidian Black Color Blast #17 PSA 10
Body,$ 0.00
Body,$ 0.00
Body,$ 0.00
Body,-
Body,$ 0.00
Body,$ 0.00
Body,$ 0.00
Body,$ 0.00
Body,1980 Topps #482 PSA 4.5
Body,$ 0.00
Body,$ 0.00
Body,$ 0.00
Body,-
Body,$ 0.00
Body,$ 0.00
Body,$ 0.00
Body,$ 0.00
Body,1972 Topps #645 PSA 7
Body,$ 0.00
Body,$ 0.00
Body,$ 0.00
Body,-
Body,$ 0.00
Body,$ 0.00
Body,$ 0.00
Body,$ 0.00
Body,1953 Antique Autos #46 PSA 9
Body,$ 0.00
Body,$ 0.00
Body,$ 0.00
Body,-
Body,$ 0.00
Body,$ 0.00
Body,$ 0.00
Body,$ 0.00
Body,2020 Panini Prizm Light Blue Prizm #307 PSA 10
Body,$ 0.00
Body,$ 0.00
Body,$ 0.00
Body,-
Body,$ 0.00
Body,$ 0.00
Body,$ 0.00
Body,$ 0.00
Body,1966 Topps F. Fernandez F. Peterson #584 PSA 6.5
Body,$ 0.00
Body,$ 0.00
Body,$ 0.00
Body,-
Body,$ 0.00
Body,$ 0.00
Body,$ 0.00
Body,$ 0.00
Body,BGS 0 Auto Not Available
Body,$ 0.00
Body,$ 0.00
Body,$ 0.00
Body,-
Body,$ 0.00
Body,$ 0.00
Body,$ 0.00
Body,$ 0.00
Body,2008-09 Topps Chrome Orange Refractor #115 SGC 10
Body,$ 0.00
Body,$ 0.00
Body,$ 0.00
Body,-
Body,$ 0.00
Body,$ 0.00
Body,$ 0.00
Body,$ 0.00
Body,1959 Topps All Star #554 PSA 5
Body,$ 0.00
Body,$ 0.00
Body,$ 0.00
Body,-
Body,$ 0.00
Body,$ 0.00
Body,$ 0.00
Body,$ 0.00
Body,2010 Rookies and Stars Rookie Autographs Holofoil #173 BGS 9 Auto 10
Body,$ 0.00
Body,$ 0.00
Body,$ 0.00
Body,-
Body,$ 0.00
Body,$ 0.00
Body,$ 0.00
Body,$ 0.00
Body,Showing 200 of 1176 results
